day,alert,title
2021/02/10,授業連絡, 
2021/02/08,授業連絡, 
2021/02/07,授業連絡, 英米社会文化入門(10)
2021/02/06,授業連絡, Practical English Ⅱ(10)
2021/02/05,授業連絡, 
2021/01/27,レポート,[登録] 数値モデリング演習(10)
2021/01/27,授業連絡, 
2021/01/26,授業連絡, Interactive English Ⅱ(70)
2021/01/26,授業連絡, 現代倫理学(10)
2021/01/23,レポート,[登録] 数値モデリング演習(10)
2021/01/22,授業連絡, 統計学(10)
2021/01/21,授業連絡, Aquatic Biology(10)
2021/01/21,授業連絡, 
2021/01/19,レポート,[登録] 数値モデリング演習(10)
2021/01/16,授業連絡, 統計学(10)
2021/01/12,授業連絡, 数値モデリング演習(10)
2021/01/08,小テスト,[登録] Aquatic Biology(10)
2021/01/07,授業連絡, 
2021/01/07,レポート,[登録] 数値モデリング演習(10)
2021/01/07,レポート,[登録] 数値モデリング演習(10)
2020/12/10,授業連絡, 数値モデリング演習(10)
2020/12/01,授業連絡, Interactive English Ⅱ(70)
2020/11/17,授業連絡, 数値モデリング(10)
2020/11/11,授業連絡, Interactive English Ⅱ(70)
2020/11/10,授業連絡, Interactive English Ⅱ(70)
2020/11/08,授業連絡, Interactive English Ⅱ(70)
2020/11/03,授業連絡, Interactive English Ⅱ(70)
2020/11/02,授業連絡, 海洋生態学Ⅱ(10)
